{
  "project_info": {
    "project_number": "1000917994384",
    "project_id": "lnt-final-project-4bdd0",
    "storage_bucket": "lnt-final-project-4bdd0.appspot.com"
  },
  "client": [
    {
      "client_info": {
        "mobilesdk_app_id": "1:1000917994384:android:e8508b5c8655737c310115",
        "android_client_info": {
          "package_name": "com.example.lnt_final_project"
        }
      },
      "oauth_client": [
        {
          "client_id": "1000917994384-598jvbrnq662k5bs3nkgk1r63h8a2nu3.apps.googleusercontent.com",
          "client_type": 3
        }
      ],
      "api_key": [
        {
          "current_key": "AIzaSyDpFWBUEBbyLde8oK-ddT6xPsp-JuGBfEQ"
        }
      ],
      "services": {
        "appinvite_service": {
          "other_platform_oauth_client": [
            {
              "client_id": "1000917994384-598jvbrnq662k5bs3nkgk1r63h8a2nu3.apps.googleusercontent.com",
              "client_type": 3
            }
          ]
        }
      }
    }
  ],
  "configuration_version": "1"
}